Wall time,Step,Value
1701552133.2288628,145,0.0024908448103815317
1701552133.7618656,169,0.0015346049331128597
1701552133.828864,172,0.0014346896205097437
1701552134.4269161,198,0.00022580094810109586
1701552134.9429004,221,0.00012924990733154118
1701552136.2718995,282,0.0002910859475377947
1701552136.3349128,285,0.00014840469521004707
1701552136.52991,294,0.00025898986496031284
1701552137.9059036,356,0.0004087819834239781
1701552138.0149007,361,0.00038569443859159946
1701552138.5059066,382,0.00035373508580960333
1701552138.9138994,400,0.00028290110640227795
1701552139.6929064,435,0.0002970568893942982
1701552139.7409043,437,0.0003731627366505563
1701552139.9349005,445,0.0003910077502951026
1701552140.6639047,474,0.00022259687830228359
1701552141.099899,494,0.00016068905824795365
1701552142.2814083,548,7.61357368901372e-05
1701552143.1484065,587,0.0001931113947648555
1701552143.446405,601,0.00011725433432729915
1701552144.7925065,663,0.0001421784545527771
1701552145.3826513,690,0.00011998353875242174
1701552145.7526474,706,0.00014187549822963774
1701552145.9126475,713,0.0001547651190776378
1701552145.9346478,714,0.0001504303509136662
1701552146.986648,761,0.00011295318836346269
1701552147.3079152,774,5.7760604249779135e-05
1701552147.6189227,788,8.499264367856085e-05
1701552147.8539226,798,9.184097871184349e-05
1701552148.8159223,841,0.00016415692516602576
1701552148.9851065,849,0.000133244160679169
1701552149.9410913,892,0.0001270654465770349
1701552150.0300908,896,0.00013874529395252466
1701552150.0740924,898,8.017884101718664e-05
1701552150.4470906,912,0.0001169928364106454
1701552150.500093,914,0.00012290239101275802
1701552150.6890917,921,0.00015468455967493355
1701552150.879092,929,0.00013482954818755388
1701552151.030091,935,0.000129749154439196
1701552151.7080948,963,0.00019147287821397185
1701552154.2540982,1072,5.505101944436319e-05
1701552154.866091,1098,8.128692570608109e-05
1701552154.8940926,1099,4.764837649418041e-05
1701552155.045091,1105,4.404449282446876e-05
1701552155.6250982,1129,3.867600389639847e-05
1701552155.695091,1132,4.488711419980973e-05
1701552155.9030917,1141,7.309440115932375e-05
1701552157.0440938,1190,5.705143848899752e-05
1701552157.1140912,1193,5.8812034694710746e-05
1701552157.7340941,1220,6.665100227110088e-05
1701552157.8710916,1226,2.8454971470637247e-05
1701552157.9830906,1231,4.9639580538496375e-05
1701552159.2080986,1283,6.54441028018482e-05
1701552159.3400924,1288,6.122430204413831e-05
1701552159.3620937,1289,6.111637776484713e-05
1701552159.7780914,1307,3.374821972101927e-05
1701552160.0740974,1320,4.558269938570447e-05
1701552161.2590935,1371,6.58411590848118e-05
1701552161.6530914,1388,4.570190139929764e-05
1701552162.9490917,1443,5.718582178815268e-05
1701552163.018094,1446,3.712303805514239e-05
1701552163.3440928,1460,3.8370875699911267e-05
1701552163.4391005,1464,9.609023982193321e-05
1701552164.5450912,1512,0.00010285901225870475
1701552164.7101,1519,0.0001015694797388278
1701552165.2340915,1541,0.00011735026782844216
1701552165.5500922,1553,3.593031578930095e-05
1701552165.7840934,1563,9.537737059872597e-05
1701552166.5130916,1593,9.451541700400412e-05
1701552166.772098,1604,6.2697145040147e-05
1701552167.097091,1618,2.8039105018251576e-05
1701552167.8760927,1650,5.228366717346944e-05
1701552168.5241013,1679,3.772713534999639e-05
1701552168.8790917,1695,3.183586522936821e-05
1701552169.242091,1711,2.3607373805134557e-05
1701552169.3310907,1715,2.9990158509463072e-05
1701552169.7090948,1732,6.106500222813338e-05
1701552170.5031033,1767,2.7318492357153445e-05
1701552171.5490904,1809,0.0008781134383752942
1701552171.7610943,1818,3.297984949313104e-05
1701552172.1800926,1836,3.959121386287734e-05
1701552172.3880985,1845,6.628669507335871e-05
1701552172.7100968,1859,3.9404723793268204e-05
1701552172.7530959,1861,1.6820456949062645e-05
1701552172.8240914,1864,3.341165211168118e-05
1701552173.8390915,1908,8.399032594752498e-06
1701552174.8740985,1953,2.4541593575122533e-06
1701552175.301091,1971,1.1298811841697898e-06
1701552175.510091,1980,9.926411621563602e-07
1701552175.8080928,1993,1.574883299326757e-06
1701552175.878092,1996,8.13542328614858e-07
1701552176.057098,2004,1.2664331734413281e-06
1701552176.9810903,2044,1.8477248886483721e-06
1701552177.3670974,2061,1.6665904922774644e-06
1701552177.6011,2071,2.5001941139635164e-06
1701552177.6750908,2074,2.4073378881439567e-06
1701552178.9180913,2128,6.409399702533847e-06
1701552179.201093,2140,3.4236691135447472e-06
1701552179.779091,2163,5.685905307473149e-06
1701552180.7580907,2204,8.555035492463503e-06
1701552180.942097,2212,1.3017885066801682e-05
1701552181.0400906,2216,1.3393188055488281e-05
1701552181.2180943,2223,1.3133478205418214e-05
1701552182.4710994,2276,2.3609902200405486e-05
1701552182.639095,2283,3.5121989640174434e-05
1701552183.3810909,2314,7.026651292108e-05
1701552183.4810915,2318,8.991404320113361e-05
1701552183.6740932,2326,8.777074981480837e-05
1701552183.9730911,2338,3.41593477060087e-05
1701552184.4550943,2358,2.8809954528696835e-05
1701552184.579095,2363,3.563641803339124e-05
1701552184.602094,2364,2.5940516934497282e-05
1701552185.082096,2384,2.9424581953207962e-05
1701552185.1990967,2389,1.239674020325765e-05
1701552186.035091,2424,3.671386366477236e-05
1701552186.2720907,2434,1.7308693713857792e-05
1701552186.5520933,2446,2.698144453461282e-05
1701552187.153092,2472,0.00022965161770116538
1701552187.3641076,2481,3.748979725060053e-05
1701552188.1850927,2516,4.053549128002487e-05
1701552188.2090933,2517,7.207848102552816e-05
1701552188.2600982,2519,4.5260803744895384e-05
1701552189.2890916,2563,5.588791100308299e-05
1701552189.6920912,2580,1.285689722863026e-05
1701552189.738093,2582,2.1124116756254807e-05
1701552189.8500917,2587,1.2498494470492005e-05
1701552190.452093,2612,7.700989954173565e-05
1701552190.4760914,2613,4.3433323298813775e-05
1701552190.7200925,2623,4.07414700021036e-05
1701552190.7830942,2625,5.905281432205811e-05
1701552190.901108,2630,7.880586781539023e-05
1701552191.3220956,2644,9.716485510580242e-05
1701552191.4880939,2650,5.0924682000186294e-05
1701552191.7010922,2659,4.280770372133702e-05
1701552192.0610914,2674,4.243699731887318e-05
1701552192.1980991,2680,3.563141945051029e-05
1701552195.348094,2812,8.05075978860259e-06
1701552195.776091,2830,2.7089579816674814e-05
1701552196.6520915,2867,1.6940784917096607e-05
1701552196.9810948,2881,5.970695201540366e-05
1701552197.8150926,2916,1.7613889212952927e-05
1701552199.7530913,2999,7.117870154615957e-06
1701552200.3300908,3023,8.603713467891794e-06
1701552201.9740918,3094,6.29262922302587e-06
1701552202.161091,3102,5.1184306357754394e-06
1701552202.9950912,3138,3.891545929946005e-06
1701552203.6280906,3165,5.591800345428055e-06
1701552203.696091,3168,9.92192144622095e-06
1701552205.0640984,3226,7.717025255260523e-06
1701552206.5240932,3288,8.499126124661416e-06
1701552207.3260927,3322,1.571418579260353e-05
1701552207.3500934,3323,1.4741800441697706e-05
1701552208.1710918,3357,7.727648153377231e-06
1701552208.429091,3367,7.2932143666548654e-06
1701552208.500094,3370,8.864057235768996e-06
1701552208.5240915,3371,4.653013093047775e-06
1701552208.5740929,3373,7.735571671219077e-06
1701552208.6000917,3374,7.99957888375502e-06
1701552210.0090964,3432,2.2622436972596915e-06
1701552211.0530944,3472,3.3567541777301813e-06
1701552211.952092,3503,2.373181587245199e-06
1701552212.608091,3530,1.660316229390446e-06
1701552212.731095,3535,1.8167273765357095e-06
1701552213.297091,3557,3.4250690532644512e-06
1701552213.7450907,3576,2.0103225324419327e-06
1701552214.1260915,3591,1.3926074871051242e-06
1701552214.5110965,3607,2.7294654501019977e-06
1701552215.2940922,3639,1.5271983784259646e-06
1701552217.4590924,3727,3.79209495804389e-06
1701552217.9140913,3745,2.6853240342461504e-06
1701552217.9610913,3747,4.074489424965577e-06
1701552218.155093,3755,4.922990228806157e-06
1701552218.829091,3783,1.1030122550437227e-05
1701552219.1620939,3797,5.216270892560715e-06
1701552220.5090954,3853,8.714810974197462e-05
1701552220.6051028,3857,3.256079799029976e-05
1701552220.868091,3868,1.392209560435731e-05
1701552222.119091,3920,7.491356882383116e-06
1701552222.6200907,3941,2.655016942298971e-05
1701552222.765093,3946,1.0915333405137062e-05
1701552222.8110912,3948,2.0108560420339927e-05
1701552223.0550926,3958,1.5135487956285942e-05
1701552223.8390913,3991,1.1152982551720925e-05
1701552224.1240916,4003,1.826775405788794e-05
1701552225.3990948,4055,1.1451728823885787e-05
1701552226.075093,4083,1.7339865735266358e-05
1701552226.7740922,4111,4.846718184126075e-06
1701552227.676091,4149,3.304033089079894e-05
1701552227.9280913,4160,1.6868132661329582e-05
1701552228.0101042,4163,5.927557867835276e-05
1701552229.343109,4220,6.531953204103047e-06
1701552229.4640968,4225,9.168091310129967e-06
1701552229.7170913,4236,1.0214545909548178e-05
1701552231.4281087,4309,3.312714397907257e-06
1701552231.7040913,4321,2.9863313102396205e-06
1701552231.7530947,4323,6.090842816774966e-06
1701552231.8774369,4328,3.393703082110733e-06
1701552231.9034357,4329,3.127202262476203e-06
1701552232.4914365,4354,6.292490525083849e-06
1701552232.6064386,4359,2.265222292407998e-06
1701552232.676437,4362,7.892435860412661e-06
1701552233.3294368,4390,9.526680514682084e-06
1701552233.4004369,4393,2.1037558326497674e-05
1701552234.2854388,4431,1.3779215805698186e-05
1701552234.5924394,4444,2.4012260837480426e-05
1701552234.639437,4446,1.6890731785679236e-05
1701552235.8034356,4496,1.1804080713773146e-05
1701552236.388436,4520,2.7105077151645673e-06
1701552236.5524366,4527,4.8483398131793365e-06
1701552237.3684382,4560,4.9420682444178965e-06
1701552238.7694376,4619,1.0915428902080748e-05
1701552239.174436,4636,3.876987648254726e-06
1701552239.6634355,4657,1.3071053217572626e-06
1701552240.8304367,4705,3.987831860285951e-06
1701552240.8974361,4708,3.1402689728565747e-06
1701552242.013436,4755,1.2352808198556886e-06
1701552242.8944435,4791,9.670632152847247e-07
1701552242.9864361,4795,1.2142729701736243e-06
1701552243.205436,4803,1.3996500456414651e-06
1701552244.0804377,4840,6.8375129558262415e-06
1701552244.2054415,4845,1.4607392131438246e-06
1701552244.9664426,4877,1.0854411129912478e-06
1701552245.1554356,4885,2.0732418306579348e-06
1701552245.8854373,4915,5.801866791443899e-06
1701552246.169436,4927,1.8150810774386628e-06
1701552246.2194366,4929,1.072236841537233e-06
1701552247.1542032,4967,3.2725833420954586e-07
1701552247.4467278,4979,3.0134012263260956e-07
1701552248.51573,5021,6.704623842779256e-07
1701552250.100728,5089,3.977640062657883e-06
1701552250.316726,5098,7.603881385875866e-05
1701552250.3927271,5101,1.1058067684643902e-05
1701552252.1937263,5177,8.865786367096007e-05
1701552252.2537277,5179,4.2795665649464354e-05
1701552252.278728,5180,9.744577982928604e-05
1701552253.5457268,5233,3.4472683182684705e-05
1701552254.2067282,5261,9.11480401555309e-06
1701552255.8247266,5327,3.680967893160414e-06
1701552256.7607257,5366,2.3141037672758102e-06
1701552258.9637284,5456,5.95543838244339e-07
1701552259.3507297,5472,4.865507321483165e-07
1701552259.6927283,5486,1.91402847349309e-07
1701552261.1927269,5547,7.270865012287686e-07
1701552261.7327268,5569,5.361731041375606e-07
1701552263.4907253,5642,3.234090399928391e-06
1701552263.5337267,5644,2.1622522581310477e-06
1701552264.315726,5676,1.4819285070188926e-06
1701552264.9137292,5700,3.20473395731824e-06
1701552265.2577293,5714,9.265010703529697e-06
1701552266.296728,5757,5.713467544410378e-06
1701552267.0317276,5787,5.504970431502443e-06
1701552267.135726,5791,4.8221727411146276e-06
1701552267.4937258,5806,2.587399649200961e-06
1701552268.4767342,5847,2.920195811384474e-06
1701552268.5497258,5850,3.7219667774479603e-06
1701552269.8147259,5903,2.622179408717784e-06
1701552270.5817304,5935,2.5175486371153966e-06
1701552270.9727263,5952,2.2707531570631545e-06
1701552271.0407307,5955,1.870651885838015e-06
1701552271.8617332,5989,2.3066118046699557e-06
1701552271.9077284,5991,5.156850420462433e-06
1701552272.075726,5998,5.900487849430647e-06
1701552272.9367285,6034,6.149462478788337e-06
1701552273.434728,6055,1.845914448495023e-05
1701552274.0017297,6079,1.604355566087179e-05
1701552274.1177275,6084,1.2327254808042198e-05
1701552274.261727,6090,1.5354438801296055e-05
1701552274.9137285,6117,9.891231457004324e-06
1701552275.38974,6137,5.548667559196474e-06
1701552275.5017278,6142,1.2678630810114555e-05
1701552275.860733,6157,6.470324478868861e-06
1701552275.9747355,6162,8.255157808889635e-06
1701552276.996726,6205,2.4991142709041014e-05
1701552277.625728,6232,4.0762912249192595e-05
1701552277.9967258,6248,8.566797987441532e-06
1701552278.2317352,6258,1.4982001630414743e-05
1701552279.4177263,6308,2.8493743229773827e-05
1701552279.8887267,6327,1.4911681319063064e-05
1701552280.204725,6340,2.099315133818891e-05
1701552280.3542783,6346,1.9549384887795895e-05
1701552280.686279,6359,9.239794962923042e-06
1701552282.075278,6416,1.9211194739909843e-05
1701552282.635278,6439,2.2061451090849005e-05
1701552282.7562914,6444,2.2647120204055682e-05
1701552283.3662784,6468,1.572882138134446e-05
1701552283.6262777,6479,1.3050300367467571e-05
1701552283.889281,6490,1.4491764886770397e-05
1701552284.2112775,6503,1.6405427231802605e-05
1701552284.7792778,6527,1.9975163013441488e-05
1701552287.176284,6623,1.4581188224838115e-05
1701552287.2752867,6627,1.259724740521051e-05
1701552287.7552774,6647,7.458641448465642e-06
1701552289.0582778,6701,1.2367578165140003e-05
1701552289.3022792,6711,1.716247970762197e-05
1701552289.7462835,6730,1.9302742657600902e-05
1701552291.0362782,6784,1.1470890967757441e-05
1701552291.2652786,6793,1.7621849110582843e-05
1701552291.542281,6805,9.42279257287737e-06
1701552291.6172802,6808,1.9501334463711828e-05
1701552291.9592786,6823,1.4749350157217123e-05
1701552292.0272784,6826,1.5839197658351623e-05
1701552292.3072793,6838,1.7884407498058863e-05
1701552292.9712787,6865,9.10069684323389e-06
1701552293.07428,6869,9.60095439950237e-06
1701552293.3402777,6880,1.530639929114841e-05
1701552295.360289,6959,8.585560863139108e-06
1701552295.6902862,6973,2.095877061947249e-05
1701552295.8782775,6981,1.904587770695798e-05
1701552296.2452793,6996,1.3720629794988781e-05
1701552297.7892783,7061,5.689422323484905e-06
1701552298.552288,7093,1.4206740161171183e-05
1701552299.1592777,7119,7.300923243747093e-06
1701552299.6682775,7141,5.470322321343701e-06
1701552301.8512812,7233,3.7987306313880254e-06
1701552302.0422812,7241,5.178032097319374e-06
1701552302.616278,7264,4.964424988429528e-06
1701552303.090278,7282,6.01366537011927e-06
1701552304.5952778,7343,5.193605829845183e-06
1701552305.3282838,7374,4.4179560063639656e-06
1701552306.5942776,7427,3.220896815037122e-06
1701552306.8572829,7438,5.2256768867664505e-06
1701552307.284286,7456,2.9969005481689237e-06
1701552307.5182834,7466,2.6261404855176806e-06
1701552307.5442774,7467,2.8733113595080795e-06
1701552307.9962773,7486,3.3685721518850187e-06
1701552308.5412796,7509,4.925796929455828e-06
1701552308.9842827,7528,3.3754913602024317e-06
1701552309.9192781,7567,4.988683485862566e-06
1701552309.9932787,7570,6.603759175050072e-06
1701552310.1592782,7577,5.463261913973838e-06
1701552310.4042773,7587,4.6312798076542094e-06
1701552310.4732792,7590,2.4242781364591792e-06
1701552310.8192782,7605,1.3389654668571893e-05
1701552311.5912826,7638,6.906610451551387e-06
1701552312.0442774,7657,3.123932856397005e-06
1701552313.9802773,7736,3.4300896913919132e-06
1701552314.8102865,7771,3.880746589857154e-06
1701552315.2202802,7788,3.6137516872258857e-06
1701552315.5742776,7803,6.003155249345582e-06
1701552315.8312874,7814,2.1152745830477215e-06
1701552315.968278,7820,3.9686756281298585e-06
1701552316.5812776,7845,2.760116331046447e-06
1701552316.838281,7855,3.615158448155853e-06
1701552317.292278,7873,2.9316577183635673e-06
1701552317.623278,7887,2.3554355266242055e-06
1701552318.0872774,7907,3.6332687614049064e-06
1701552318.2722838,7915,8.192158020392526e-06
1701552318.519278,7925,6.714624760206789e-06
1701552319.352282,7960,0.00010503992234589532
1701552319.4842775,7965,2.4103542273223866e-06
1701552320.9192777,8026,4.322532731748652e-06
1701552320.942291,8027,3.6515380088530947e-06
1701552321.6982775,8059,4.961562808603048e-06
1701552322.9242797,8110,3.3556007110746577e-06
1701552323.117279,8118,4.992072717868723e-06
1701552323.9482775,8153,2.97651490654971e-06
1701552324.2092776,8164,2.8320796445768792e-06
1701552324.4832778,8176,3.5717885111807846e-06
1701552324.9212792,8193,7.093000931490678e-06
1701552327.7102787,8307,1.3903336366638541e-06
1701552327.8022773,8311,1.2940313354192767e-06
1701552328.140295,8325,9.863890682026977e-07
1701552328.553278,8342,1.5757857454445912e-06
1701552328.6942785,8348,2.3874158614489716e-06
1701552329.703278,8390,2.7007711196347373e-06
1701552330.0892825,8406,2.9895113584643696e-06
1701552330.352277,8417,2.7784162739408202e-06
1701552331.2202785,8454,4.541068392427405e-06
1701552331.3382776,8459,4.005962182418443e-06
1701552331.3852782,8461,2.9493708098016214e-06
1701552331.5282805,8467,2.5406404802197358e-06
1701552332.076281,8490,4.702845217252616e-06
1701552332.1922803,8495,8.104817425191868e-06
1701552332.419278,8504,3.02313810607302e-06
1701552334.5942779,8594,7.132996415748494e-06
1701552334.6642783,8597,2.998979880430852e-06
1701552335.36628,8625,4.764301593240816e-06
1701552335.4792774,8630,4.1624930418038275e-06
1701552335.6002965,8635,7.475130132661434e-06
1701552336.9852772,8693,7.420742349495413e-06
1701552337.59628,8719,2.509028036001837e-06
1701552337.8052773,8728,1.6812700778245926e-06
1701552338.587279,8761,2.61327681982948e-06
1701552338.6102784,8762,3.0043502192711458e-06
1701552338.8152773,8771,2.594051011328702e-06
1701552339.692278,8809,1.7408226540283067e-06
1701552339.8772793,8817,4.024815098091494e-06
1701552339.9972787,8822,4.195153451291844e-06
1701552341.8232775,8901,3.02101943816524e-06
1701552342.460278,8928,1.8422510038362816e-05
1701552342.8832777,8946,7.438560260197846e-06
1701552342.9552815,8949,5.942762982158456e-06
1701552343.4522774,8970,3.082149305555504e-06
1701552343.7122786,8981,5.176036211196333e-06
1701552344.2722776,9005,4.769323822984006e-06
1701552344.4342785,9012,3.4023530588456197e-06
1701552344.8282878,9029,1.0125017070095055e-05
1701552344.8792846,9031,1.4845677469565999e-05
1701552344.9492776,9034,1.3053064321866259e-05
1701552345.453278,9055,1.9276782040833496e-05
1701552345.6282804,9062,8.142891601892188e-06
1701552346.1972787,9085,9.859875717666e-06
1701552346.608277,9102,3.3821237593656406e-05
1701552347.0392845,9120,2.198221773141995e-05
1701552347.1842802,9126,4.35605070379097e-05
1701552347.428277,9136,4.88197838421911e-05
1701552347.887277,9155,2.971251160488464e-05
1701552348.543278,9182,3.661146911326796e-05
1701552348.7422855,9190,1.671799509495031e-05
1701552349.247279,9211,2.4468068659189157e-05
1701552350.9182878,9282,5.8580080803949386e-05
1701552352.615284,9353,3.663573806989007e-05
1701552352.7712896,9360,1.9693807189469226e-05
1701552353.4042776,9387,2.9208151318016462e-05
1701552353.9002793,9408,1.1630458175204694e-05
1701552354.5182774,9434,1.3145545381121337e-05
1701552354.7322874,9443,1.0988967915182002e-05
1701552355.5012774,9475,8.808995517028961e-06
1701552355.9882774,9496,1.0052433935925364e-05
1701552357.008277,9539,3.133739255645196e-06
1701552357.0772836,9542,4.952282324666157e-06
1701552357.5552785,9562,4.637795427697711e-06
1701552357.7242782,9569,3.868603471346432e-06
1701552358.3412788,9595,3.849212589557283e-06
1701552359.9612792,9665,3.230010634069913e-06
1701552360.184278,9674,2.951686838059686e-06
1701552360.34628,9681,1.837786157921073e-06
1701552360.6502776,9694,9.61891373663093e-07
1701552361.1662774,9716,6.9039610934851225e-06
1701552361.4282777,9727,1.704403075564187e-06
1701552362.0572777,9754,2.1515998014365323e-06
1701552362.6142797,9778,1.3924649238106213e-06
1701552362.7542772,9784,3.206071369277197e-06
1701552363.2842786,9807,1.8040184386336477e-06
1701552363.7162776,9825,1.4074196315050358e-06
1701552365.3302815,9895,1.5056087931952788e-06
1701552366.3472795,9939,2.4655366814840818e-06
1701552367.0012774,9967,2.0979330201953417e-06
1701552367.072278,9970,1.3961525837657973e-06
1701552367.9992907,10010,1.384750703437021e-06
1701552368.5582836,10034,3.191039240846294e-06
1701552370.0552776,10099,2.0173170014459174e-06
1701552371.8512826,10177,1.105501951315091e-06
1701552371.96528,10182,2.0049005797773134e-06
1701552372.0332778,10185,1.935952923304285e-06
1701552372.3562803,10199,1.1995955446764128e-06
1701552372.6382787,10211,1.2286965329622035e-06
1701552373.1702783,10234,1.3623995300804381e-06
1701552373.3062773,10240,2.5317888230347307e-06
1701552373.6522887,10255,3.692291102197487e-06
1701552374.018282,10271,1.6251384522547596e-06
1701552374.5762794,10295,4.533271749096457e-06
1701552374.9672797,10312,2.5388731046405155e-06
1701552376.356278,10372,4.72559850095422e-06
1701552376.6042786,10383,1.6769977264630143e-06
1701552377.069289,10403,2.3160871478467016e-06
1701552377.2302847,10410,2.031423491644091e-06
1701552377.3472886,10415,2.856680566765135e-06
1701552379.8522778,10523,5.368270308281353e-07
1701552379.9192796,10526,7.835935775801772e-07
1701552380.4052854,10547,8.833112588035874e-07
1701552380.5222867,10552,8.548952905584883e-07
1701552381.5652783,10595,1.2785189937858377e-06
1701552381.8222773,10606,1.7265252836295986e-06
1701552382.0622804,10616,1.0760733175629866e-06
1701552382.1542854,10620,1.2134066764701856e-06
1701552382.838279,10649,9.58460987021681e-07
1701552383.0532777,10658,1.4399693100131117e-06
1701552383.6272788,10681,1.0031421879830305e-06
1701552383.6552794,10682,7.355220077442937e-07
1701552383.9712772,10694,9.377062610838038e-07
1701552384.7742815,10725,1.0636537126629264e-06
1701552385.0072775,10734,1.4983886558184167e-06
1701552385.4132843,10751,1.2697869351541158e-06
1701552385.532278,10756,1.7051496570275049e-06
1701552385.7442782,10765,2.1586495222436497e-06
1701552385.9422789,10773,2.8715739972540177e-06
1701552386.1372812,10781,2.6487196009838954e-06
1701552386.5682783,10798,1.3607148048322415e-06
1701552387.2702801,10828,1.7526093643027707e-06
1701552387.5012774,10838,8.510967290931148e-07
1701552388.3732774,10875,1.627508936508093e-06
1701552388.5792787,10884,2.0032666725455783e-06
1701552388.602278,10885,2.289926442244905e-06
1701552389.1212773,10907,7.331934284593444e-06
1701552389.2882774,10914,5.1406041166046634e-06
1701552389.9292805,10942,4.797364454134367e-06
1701552390.170277,10952,9.379587027069647e-06
1701552390.2902777,10957,5.545430212805513e-06
1701552390.543277,10968,3.277062660345109e-06
1701552390.7552853,10977,1.8713149074756075e-06
1701552391.0932777,10991,2.5085753350140294e-06
1701552391.9942794,11029,2.0932093320880085e-06
1701552392.0692792,11032,1.9800324935204117e-06
1701552392.8632803,11066,2.445935933792498e-06
1701552392.9612777,11070,2.4349808427359676e-06
1701552393.511278,11093,3.49647916664253e-06
1701552393.6492777,11099,4.368669124232838e-06
1701552393.6952791,11101,4.5195192797109485e-06
1701552394.6372783,11141,2.0481497813307215e-06
1701552394.784278,11147,2.0634970496757887e-06
1701552394.8292778,11149,2.7114563181385165e-06
1701552395.0962815,11160,1.8075870684697293e-06
1701552395.2192895,11165,1.7475899767305236e-06
1701552395.5422783,11179,3.071570063184481e-06
1701552395.7612774,11188,1.898899654406705e-06
1701552396.1332786,11204,1.8321941297472222e-06
1701552396.7152846,11229,3.09430015477119e-06
1701552397.168278,11248,1.7882806560010067e-06
1701552397.3992805,11257,1.2117334335925989e-06
1701552397.8342772,11275,1.8492797835278907e-06
1701552398.5012796,11302,1.8741739040706307e-06
1701552399.081279,11325,2.4494934223184828e-06
1701552399.1302812,11327,2.025256890192395e-06
1701552399.1552796,11328,1.9565000002330635e-06
1701552400.6297019,11387,4.010766588180559e-06
1701552400.7167034,11390,5.83548853683169e-06
1701552400.9537027,11399,4.740156782645499e-06
1701552401.9996998,11437,1.6223893908318132e-05
1701552403.2817006,11488,7.836420081730466e-06
1701552404.6876996,11546,1.5197410903056152e-06
1701552405.5626993,11582,9.786089094632189e-07
1701552405.956703,11599,1.0857197594305035e-06
1701552406.4397004,11619,6.567150308001146e-07
1701552407.1326988,11647,8.617018352197192e-07
1701552407.2096994,11650,4.888589728579973e-07
1701552407.387703,11657,3.6664741287495417e-07
1701552407.4407012,11659,5.555279471991525e-07
1701552407.8557,11676,6.072277756175026e-07
1701552408.0627136,11684,2.550238491494383e-07
1701552408.279701,11693,5.448454203360598e-07
1701552409.0307047,11724,4.593302094235696e-07
1701552409.978699,11763,7.402815072055091e-07
1701552410.2736993,11775,8.416204764216673e-07
1701552410.565708,11787,4.425897657256428e-07
1701552410.8497002,11798,2.7090194976153725e-07
1701552411.1927023,11812,3.442928857566585e-07
1701552411.2457018,11814,9.152502116194228e-07
1701552412.1276994,11850,5.821557920171472e-07
1701552412.9707,11886,6.544906909766723e-07
1701552413.6096995,11913,4.4158423406770453e-07
1701552413.9606988,11928,6.832049734839529e-07
1701552414.675701,11958,7.329586537707655e-07
1701552415.247701,11982,5.923141657149245e-07
1701552415.6807008,12000,9.024173550642445e-07
1701552416.4546986,12033,1.6346008351320052e-06
1701552417.1067078,12060,3.524748535710387e-06
1701552417.419699,12073,2.756404228421161e-06
1701552417.4646988,12075,3.310237616460654e-06
1701552417.959699,12096,5.397519998950884e-06
1701552418.0786994,12101,3.677555469039362e-06
1701552418.4177022,12115,9.620553100830875e-06
1701552418.6456995,12125,8.204353434848599e-06
1701552418.7636993,12130,3.6338294648885494e-06
1701552418.9337006,12137,5.510335995495552e-06
1701552419.3887007,12156,1.4876509339956101e-05
1701552419.6807,12168,2.936851615231717e-06
1701552422.0436993,12265,5.982098628010135e-06
1701552422.410699,12280,5.509555649041431e-06
1701552422.6766994,12291,3.913251475751167e-06
1701552422.7686987,12295,7.464996997441631e-06
1701552423.156699,12311,2.192105785070453e-05
1701552424.0397034,12344,9.144770046987105e-06
1701552424.2687109,12353,5.51813764104736e-06
1701552425.3046985,12397,1.2954302292200737e-05
1701552425.8016996,12417,1.4892284525558352e-05
1701552425.871699,12420,1.3341310477699153e-05
1701552426.2576995,12436,1.4682272194477264e-05
1701552426.6616995,12452,8.206551865441725e-05
1701552428.372699,12523,4.8029134632088244e-05
1701552428.5936997,12532,7.678674592170864e-05
1701552429.31971,12563,8.648888615425676e-05
1701552429.8007014,12582,3.089122401433997e-05
1701552429.8776987,12585,1.2198307558719534e-05
1701552430.3987017,12607,1.7760854461812414e-05
1701552431.9426994,12672,1.9992197849205695e-05
1701552432.1287,12680,1.2966547728865407e-05
1701552432.6136994,12701,9.214986675942782e-06
1701552433.1347003,12723,1.0893702892644797e-05
1701552433.816702,12752,2.6193760277237743e-05
1701552434.9087043,12798,1.8138447558158077e-05
1701552435.5887117,12826,3.79312077711802e-05
1701552436.9757037,12885,2.0911038518534042e-05
1701552437.341702,12901,3.9974605897441506e-05
1701552438.1176996,12932,5.535770469577983e-05
1701552438.8276987,12961,3.7875572161283344e-05
1701552439.4467,12986,7.996460044523701e-05
1701552439.572699,12991,3.5452201700536534e-05
1701552439.8936996,13004,9.370344923809171e-05
1701552440.1946986,13017,6.219399074325338e-05
1701552440.3526988,13023,3.2861458748811856e-05
1701552441.382699,13065,5.286184205033351e-06
1701552441.4077036,13066,4.56811039839522e-06
1701552441.8997009,13086,4.930065188091248e-06
1701552443.3456998,13144,8.127609362418298e-06
1701552443.740699,13161,4.133118636673316e-06
1701552444.3986995,13188,2.575814278316102e-06
1701552444.420699,13189,1.8680534594750497e-06
1701552444.6127002,13197,3.555180228431709e-06
1701552444.900706,13209,3.941788691008696e-06
1701552445.2026997,13221,2.7557787234400166e-06
1701552445.5676997,13236,7.96913263911847e-06
1701552445.6647012,13240,4.475679361348739e-06
1701552446.0717006,13257,6.057498012523865e-06
1701552446.5656993,13275,4.991390142095042e-06
1701552447.0476995,13293,3.3707929105730727e-06
1701552447.4027078,13308,2.2086244371166686e-06
1701552447.6396987,13318,2.2861418074171524e-06
1701552447.7136989,13321,1.9172525753674563e-06
1701552447.999705,13333,2.2191259176906897e-06
1701552448.022701,13334,1.2433970368874725e-06
1701552448.126699,13338,1.8185467069997685e-06
1701552448.9287019,13366,1.9170402083545923e-06
1701552449.6156998,13392,2.1670834939868655e-06
1701552450.6206996,13425,1.4933036709408043e-06
1701552450.9897027,13440,2.699614697121433e-06
1701552451.8527038,13476,6.394478077709209e-06
1701552453.1087015,13529,3.0754029012314277e-06
1701552453.1997092,13533,3.5212087823310867e-06
1701552453.6766996,13553,5.144109763932647e-06
1701552454.813702,13602,7.90629655966768e-06
1701552455.477699,13631,6.664105512754759e-06
1701552456.4667,13673,2.0677254724432714e-05
1701552457.7026997,13724,1.435121703252662e-05
1701552458.0496988,13739,1.1969955266977195e-05
1701552458.2337,13747,2.53224752668757e-05
1701552458.3746998,13753,1.0605621355352923e-05
1701552459.5977,13803,4.147575964452699e-05
1701552459.6747003,13806,4.8373545723734424e-05
1701552459.7467,13809,3.940088936360553e-05
1701552460.0586987,13822,4.6469984226860106e-05
1701552460.7006989,13849,6.96684728609398e-05
1701552461.3827002,13874,0.00016802805475890636
1701552461.578707,13881,6.216928886715323e-05
1701552462.0897017,13903,8.959399565355852e-05
1701552462.8816986,13937,0.00016524225065950304
1701552463.7247,13972,0.00028563581872731447
1701552464.2556992,13995,0.0002031701587839052
1701552464.3276992,13998,0.00019059171609114856
1701552464.6277056,14011,0.00021042740263510495
1701552465.8607013,14064,0.0001419596519554034
1701552465.8867085,14065,0.00034720971598289907
1701552466.3547006,14084,0.0004084377142135054
1701552466.426699,14087,0.00020031955500598997
1701552466.648704,14096,0.00034197658533230424
1701552466.6716983,14097,0.00046679453225806355
1701552466.820699,14103,0.0002584178582765162
1701552467.2917008,14123,0.00025982357328757644
1701552467.3376987,14125,0.00020234441035427153
1701552469.2957091,14207,0.0003040281590074301
1701552469.4486995,14213,0.00028137079789303243
1701552471.1886995,14288,0.0001416430459357798
1701552472.6156993,14348,2.1989069864503108e-05
1701552472.7676995,14354,2.1884781745029613e-05
1701552473.3256993,14377,1.7342566934530623e-05
1701552474.2237122,14414,2.3356406018137932e-05
1701552474.2477005,14415,1.362667990179034e-05
1701552474.3877,14421,1.0758774806163274e-05
1701552474.610699,14430,1.2302852155698929e-05
1701552475.004708,14447,2.1717507479479536e-05
1701552475.2767076,14459,1.5992420230759308e-05
1701552475.4176989,14465,2.3149412299972028e-05
1701552475.880699,14485,1.357580731564667e-05
1701552476.799702,14524,6.748179202986648e-06
1701552477.969708,14574,1.3762328308075666e-06
1701552478.5326996,14598,2.629344862725702e-06
1701552479.1076987,14621,1.149687591350812e-06
1701552479.9657001,14657,1.1463924920462887e-06
1701552480.5496988,14681,1.985821654670872e-06
1701552480.6197038,14684,9.080935114980093e-07
1701552482.450699,14759,6.437766160161118e-07
1701552482.5926988,14765,1.0592311809887178e-06
1701552483.2896993,14795,8.146424761434901e-07
1701552483.5007002,14804,1.0606860314510413e-06
1701552483.5926998,14808,1.4003685464558657e-06
1701552483.7296999,14814,1.361460704174533e-06
1701552485.1377,14873,7.57321288347157e-07
1701552485.9276986,14906,9.463413448429492e-07
1701552485.9527018,14907,9.72835550783202e-07
1701552486.136699,14915,2.1193568500166293e-06
1701552486.2296996,14919,1.3005761729800724e-06
1701552486.6327007,14936,8.480536735078203e-07
1701552486.7747033,14942,9.737302661960712e-07
1701552486.8727086,14946,8.885709235073591e-07
1701552487.5257003,14973,1.1951032092838432e-06
1701552488.2107038,15000,1.2595586440511397e-06
1701552488.6617007,15019,1.0958922302961582e-06
1701552489.4397001,15051,1.0069946938529029e-06
1701552489.4666984,15052,1.0988001122314017e-06
1701552489.4916995,15053,9.58168584475061e-07
1701552490.0737007,15077,9.824859716900392e-07
1701552491.905699,15154,1.3437485222311807e-06
1701552493.4297023,15217,7.586792776237417e-07
1701552494.4446998,15259,1.048337139764044e-06
1701552494.546702,15263,2.9385171274043387e-06
1701552495.5896993,15307,6.829820904385997e-07
1701552496.0526993,15326,2.230129666713765e-06
1701552496.952699,15363,2.6912646262644557e-06
1701552497.7097082,15393,1.0582556342342286e-06
1701552497.9016998,15400,1.5298129483198863e-06
1701552498.170704,15410,1.3277765447128331e-06
1701552499.1797035,15451,1.6557245317017077e-06
1701552499.5776997,15468,1.1603893881328986e-06
1701552499.7136996,15474,1.8631602642926737e-06
1701552499.8777013,15481,4.486578745854786e-06
1701552501.0196996,15528,2.210044158346136e-06
1701552501.1446989,15533,2.21641744246881e-06
1701552501.517705,15549,2.242325535917189e-06
1701552501.6577024,15555,2.526167691030423e-06
1701552501.9146981,15565,7.844270157875144e-07
1701552502.3666995,15583,3.49459901372029e-06
1701552502.7776992,15600,1.5509583590755938e-06
1701552502.828701,15602,2.135116801582626e-06
1701552503.5977008,15634,1.4690870102640474e-06
1701552504.377781,15665,1.5383536720037227e-06
1701552505.4807787,15712,5.139620043337345e-06
1701552505.7628021,15724,2.8771787583536934e-06
1701552506.0237796,15735,3.667280225272407e-06
1701552507.5437806,15799,2.3592535853822483e-06
1701552508.2657793,15830,1.4260917851061095e-06
1701552509.1547801,15867,1.2203829101053998e-05
1701552509.7407792,15891,1.2968584996997379e-05
1701552509.9527793,15900,1.3490907804225571e-05
1701552510.089781,15906,1.2948305084137246e-05
1701552510.4467816,15921,4.192374490230577e-06
1701552511.17178,15952,1.726123628031928e-05
1701552511.2457833,15955,1.1000130143656861e-05
1701552511.6937802,15974,7.806649591657333e-06
1701552512.1527836,15993,5.211611551203532e-06
1701552514.7977798,16106,9.312107067671604e-06
1701552514.9857798,16114,1.224467996507883e-05
1701552515.1217794,16120,5.732028057536809e-06
1701552515.7137837,16144,8.024600901990198e-06
1701552515.7377944,16145,8.087247806543019e-06
1701552516.6467795,16183,9.85340193437878e-06
1701552517.29578,16210,7.282809747266583e-06
1701552517.57778,16222,9.317955118604004e-06
1701552518.0837803,16243,8.107923349598423e-06
1701552519.4927795,16302,4.238818746671313e-06
1701552519.8007824,16315,8.07267952041002e-06
1701552520.0427847,16325,6.558441782544833e-06
1701552520.1457813,16329,8.047720257309265e-06
1701552521.2507792,16376,1.1969867045991123e-05
1701552522.9377813,16448,8.540679118596017e-06
1701552523.4607797,16470,1.0088406270369887e-05
1701552523.5617836,16474,1.4347291653393768e-05
1701552523.6287873,16477,1.6410269381594844e-05
1701552523.8717852,16487,2.496045271982439e-05
1701552524.34378,16507,1.6304717064485885e-05
1701552524.9497793,16533,1.8299720977665856e-05
1701552525.8197796,16567,8.507826350978576e-06
1701552526.0407817,16576,1.0690208910091314e-05
1701552527.3597822,16632,3.3304029784630984e-05
1701552528.660783,16686,8.843025170790497e-06
1701552529.3057802,16712,1.3374436093727127e-05
1701552529.4247804,16717,1.5978515875758603e-05
1701552529.8977797,16737,1.7796677639125846e-05
1701552531.1577797,16788,6.2694948610442225e-06
1701552531.2587805,16792,1.4728463611390907e-05
1701552532.0687811,16824,1.8048302081297152e-05
1701552533.2737813,16873,1.8032540538115427e-05
1701552533.7467806,16893,1.724938010738697e-05
1701552534.5417836,16925,2.623590080474969e-05
1701552534.8007798,16935,3.3986543712671846e-05
1701552534.82378,16936,1.8039747374132276e-05
1701552535.408779,16961,6.882966317789396e-06
1701552535.62078,16970,5.8009327403851785e-06
1701552535.9667802,16984,7.528736205131281e-06
1701552536.9897797,17026,5.363292075344361e-06
1701552537.6477792,17051,4.429370164871216e-06
1701552539.5547802,17126,6.1565287978737615e-06
1701552541.2587793,17193,1.2462981430871878e-05
1701552542.0597804,17224,4.306950359023176e-06
1701552542.9957807,17258,1.6006471241780673e-06
1701552543.0247805,17259,2.338540980417747e-06
1701552543.6067796,17281,4.629177965398412e-06
1701552544.5077808,17319,2.8575873329828028e-06
1701552544.6267805,17324,5.089866590424208e-06
1701552544.7377806,17329,3.73629450223234e-06
1701552545.7047796,17366,3.392215603525983e-06
1701552545.8987806,17374,2.3118025183066493e-06
1701552546.2497792,17388,2.7853325264004525e-06
1701552546.5607793,17399,6.95834705766174e-06
1701552547.0527794,17417,4.425709903443931e-06
1701552547.098779,17419,3.3149210594274336e-06
1701552547.7007873,17442,4.950073616782902e-06
1701552547.7247796,17443,3.804838570431457e-06
1701552547.75078,17444,3.7014415283920243e-06
1701552547.8247807,17447,4.212152816762682e-06
1701552548.3377788,17466,6.647029749728972e-06
1701552549.2707803,17501,0.00011857168283313513
1701552549.7437801,17518,3.892226959578693e-05
1701552550.1207802,17531,3.3214470022358e-05
1701552550.1517808,17532,3.614330125856213e-05
1701552550.661779,17553,1.4392907360161189e-05
1701552550.8857815,17563,5.657339443132514e-06
1701552551.0757794,17571,5.21955143995001e-06
1701552551.3047838,17581,5.682886239810614e-06
1701552552.50678,17630,5.927372058067704e-06
1701552552.695782,17638,7.779791303619277e-06
1701552552.809782,17642,8.404576874454506e-06
1701552553.5317798,17670,9.064418918569572e-06
1701552553.8537846,17684,7.441726666002069e-06
1701552553.998781,17690,4.861419256485533e-06
1701552554.3297808,17704,1.2117862752347719e-05
1701552554.5527809,17713,1.720712134556379e-05
1701552554.7157829,17720,1.3233332538220566e-05
1701552554.7417803,17721,1.1069119864259847e-05
1701552554.8417792,17725,8.72518285177648e-06
1701552555.45878,17750,1.0344664588046726e-05
1701552555.6917808,17760,7.561870461358922e-06
1701552555.80379,17764,8.16167812445201e-06
1701552556.2247806,17780,8.640197847853415e-06
1701552556.623786,17794,2.2197167709236965e-05
1701552557.488779,17830,5.085399152449099e-06
1701552557.6707797,17838,1.1394889952498488e-05
1701552557.9417827,17849,1.1714138054230716e-05
1701552559.1537793,17898,8.509076906193513e-06
1701552559.176779,17899,7.185747108451324e-06
1701552559.3047795,17904,7.4327431320853066e-06
1701552559.9497826,17931,8.78302216733573e-06
1701552560.8767822,17969,1.5344157873187214e-05
1701552563.533782,18080,1.2371509001241066e-05
1701552563.751779,18089,1.761376734066289e-05
1701552564.1387806,18105,1.7795860912883654e-05
1701552564.21678,18108,1.582632467034273e-05
1701552564.4427793,18117,1.5710455045336857e-05
1701552565.1367793,18145,1.928258643602021e-05
1701552565.981784,18179,1.9982358935521916e-05
1701552566.004782,18180,1.3816979844705202e-05
1701552566.2197804,18189,1.8967648429679684e-05
1701552566.294779,18192,1.2113696357118897e-05
1701552567.2217798,18231,9.69132725003874e-06
1701552567.8317795,18256,2.0585235688486136e-05
1701552568.1857824,18271,1.5398793038912117e-05
1701552568.2407799,18273,1.4130547242530156e-05
1701552568.4457798,18281,2.121344550687354e-05
1701552568.8607795,18297,2.2111893485998735e-05
1701552569.3597806,18317,1.2308160876273178e-05
1701552569.9787817,18341,2.7409358153818175e-05
1701552570.515779,18363,2.6501320462557487e-05
1701552571.1817796,18391,1.72031759575475e-05
1701552571.468779,18403,2.608194154163357e-05
1701552572.4657834,18445,2.064519139821641e-05
1701552572.5377803,18448,2.7590765967033803e-05
1701552573.5527792,18489,2.5251321858377196e-05
1701552573.744782,18497,2.2428712327382527e-05
1701552575.7057793,18578,3.24385728163179e-05
1701552575.728779,18579,4.155620626988821e-05
1701552577.8177793,18666,2.369034154980909e-05
1701552578.0107796,18674,2.1719619326177053e-05
1701552579.0527837,18718,3.774184006033465e-05
1701552579.0777802,18719,3.446215850999579e-05
1701552580.297779,18770,2.9299604648258537e-05
1701552580.509779,18779,5.5304612033069134e-05
1701552581.7167954,18830,7.807878137100488e-05
1701552581.9497793,18840,7.048610859783366e-05
1701552582.1157796,18847,6.993913848418742e-05
1701552582.79878,18876,4.570551391225308e-05
1701552583.6617894,18913,7.335566624533385e-05
1701552584.0747826,18930,3.756247679120861e-05
1701552585.064779,18972,3.340969851706177e-05
1701552586.2057796,19020,3.699791705003008e-05
1701552587.20378,19060,2.8574857424246147e-05
1701552587.822782,19085,7.368063234025612e-05
1701552588.2997816,19104,4.424123471835628e-05
1701552588.418779,19109,3.47440000041388e-05
1701552588.5417824,19114,4.332411117502488e-05
1701552588.9727824,19132,2.783966192509979e-05
1701552589.0867817,19137,3.4334407246205956e-05
1701552589.2117796,19142,2.821096495608799e-05
1701552589.5037806,19154,4.865402661380358e-05
1701552590.0057802,19175,2.4126391508616507e-05
1701552591.1217792,19222,3.5537301300792024e-05
1701552591.6367793,19243,2.4722739908611402e-05
1701552592.5427792,19280,4.5653621782548726e-05
1701552592.93878,19296,4.907993570668623e-05
1701552593.7617793,19330,3.192121221218258e-05
1701552594.027783,19341,3.232369999750517e-05
1701552594.3297896,19354,2.8519662009784952e-05
1701552595.2087803,19391,3.7222649552859366e-05
1701552595.3757794,19398,2.388321445323527e-05
1701552595.4807873,19402,2.455490357533563e-05
1701552596.0857792,19427,5.687871453119442e-05
1701552596.706783,19453,2.3880673325038515e-05
1701552598.6187913,19534,3.953369741793722e-05
1701552598.6962419,19537,3.4695418435148895e-05
1701552598.819241,19542,2.859048436221201e-05
1701552600.0912397,19592,3.652222585515119e-05
1701552600.6372452,19612,3.241743252146989e-05
1701552601.0092404,19627,4.870774137089029e-05
1701552601.082239,19630,5.0258036935701966e-05
1701552601.1352458,19632,4.429938053363003e-05
1701552601.6332395,19652,5.765230889664963e-05
1701552601.7742393,19658,6.630821735598147e-05
1701552602.3282413,19681,2.3811502614989877e-05
1701552602.972239,19706,1.2407333997543901e-05
1701552603.0252402,19708,1.3211023542680778e-05
1701552603.3582406,19721,1.55443194671534e-05
1701552604.3822415,19761,1.0674357326934114e-05
1701552604.5622394,19767,1.6929077901295386e-05
1701552604.9189587,19781,1.448969851480797e-05
1701552605.185507,19792,1.012031589198159e-05
1701552605.4005144,19801,1.4037295841262676e-05
1701552605.5045037,19805,1.0839021342690103e-05
1701552606.5045035,19847,9.472621968598105e-06
1701552606.6685033,19854,8.71699012350291e-06
1701552606.7625039,19858,1.3408645827439614e-05
1701552606.8785036,19863,1.326499113929458e-05
1701552606.901503,19864,1.1436825843702536e-05
1701552607.8865044,19904,7.888887921581045e-06
1701552608.4575043,19923,9.66566312854411e-06
1701552609.1385062,19950,1.3515294085664209e-05
1701552609.682503,19973,5.433121714304434e-06
1701552611.296508,20043,1.057102326740278e-05
1701552611.530508,20053,6.5951790020335466e-06
1701552611.8075042,20065,9.058004252437968e-06
1701552612.192512,20082,5.418145065050339e-06
1701552612.5675068,20098,6.098814537836006e-06
1701552612.757505,20106,1.2375445294310339e-05
1701552612.973504,20115,8.060719665081706e-06
1701552613.1335042,20122,5.4923066272749566e-06
1701552614.1075034,20162,7.045578058750834e-06
1701552614.414512,20175,1.1114378139609471e-05
1701552614.5355027,20180,1.2680611689575016e-05
1701552614.6785028,20186,9.933478395396378e-06
1701552614.7495027,20189,1.3388553270488046e-05
1701552616.534505,20265,4.326180714997463e-06
1701552616.559503,20266,7.462105713784695e-06
1701552616.6055036,20268,6.763057172065601e-06
1701552617.6435032,20310,1.4646066119894385e-05
1701552617.7205048,20313,1.5330611859099008e-05
1701552618.4545028,20344,5.428683653008193e-05
1701552619.0045052,20366,1.4790868590353057e-05
1701552619.1265042,20371,1.1670728781609796e-05
1701552619.1985033,20374,9.139064786722884e-06
1701552619.3285084,20379,7.772155186103191e-06
1701552620.309514,20420,1.2944135960424319e-05
1701552620.680503,20435,6.1275504776858725e-06
1701552621.0355027,20450,2.253299498988781e-05
1701552621.248504,20459,1.4111496057012118e-05
1701552621.2955108,20461,1.3904126717534382e-05
1701552621.7365046,20480,1.9627965230029076e-05
1701552622.2115033,20500,1.7356069292873144e-05
1701552622.4555075,20510,1.2024436728097498e-05
1701552622.7935035,20524,2.362763916607946e-05
1701552622.8215058,20525,1.5839290426811203e-05
1701552623.772509,20565,2.8114112865296192e-05
1701552623.8195086,20567,2.4373939595534466e-05
1701552624.337504,20589,1.9646802684292197e-05
1701552624.9085038,20612,1.602958764124196e-05
1701552625.870506,20653,1.3024528016103432e-05
1701552626.1645045,20666,1.3028557987126987e-05
1701552626.1865044,20667,2.3863763999543153e-05
1701552626.435503,20677,1.624681317480281e-05
1701552626.6545105,20686,1.6051480997703038e-05
1701552626.6775088,20687,2.9194830858614296e-05
1701552626.7235105,20689,1.763309774105437e-05
1701552626.8455026,20694,1.944579344126396e-05
1701552627.1075037,20705,1.4509778338833712e-05
1701552627.9135149,20739,2.6611418434185907e-05
1701552628.8325026,20778,2.9980521503603086e-05
1701552629.7325022,20815,3.3482268918305635e-05
1701552629.754023,20816,2.597159800643567e-05
1701552629.7770243,20817,1.537962816655636e-05
1701552630.1733124,20833,2.005276473937556e-05
1701552630.2786226,20837,3.4396864066366106e-05
1701552631.1906238,20874,2.6745559807750396e-05
1701552632.001621,20905,6.764101271983236e-06
1701552632.030622,20906,1.1742264177883044e-05
1701552632.115623,20909,1.5177114619291387e-05
1701552632.1416223,20910,1.187419820780633e-05
1701552633.013621,20944,3.678330131151597e-06
1701552633.1356235,20949,6.428824690374313e-06
1701552633.3546305,20958,9.120083632296883e-06
1701552633.4716206,20963,5.776417310698889e-06
1701552633.9146204,20982,2.7609899007075e-06
1701552634.6966205,21015,4.020345841126982e-06
1701552635.2856224,21039,4.0916552279668394e-06
1701552635.310621,21040,4.292163339414401e-06
1701552636.1616206,21076,3.995141014456749e-06
1701552637.074621,21114,2.7312635211274028e-06
1701552638.0376208,21154,2.5991469101427356e-06
1701552638.1746335,21160,3.073062771363766e-06
1701552638.2216203,21162,3.1184417821350507e-06
1701552638.2476213,21163,3.689006462082034e-06
1701552638.672623,21181,2.793640078380122e-06
1701552638.9866214,21194,3.475677431197255e-06
1701552639.2036214,21203,2.3942684492794797e-06
1701552639.3146214,21207,2.6762934339785716e-06
1701552640.8686209,21271,2.7970870632998412e-06
1701552642.449623,21332,4.985867690265877e-06
1701552642.5426214,21336,5.371900897443993e-06
1701552643.0806212,21359,3.978175300289877e-06
1701552643.4796257,21375,6.4363084675278515e-06
1701552643.9576252,21395,5.880235221411567e-06
1701552645.1696243,21443,6.5680833358783275e-06
1701552645.264622,21446,5.177310413273517e-06
1701552645.3816206,21451,4.158640422247117e-06
1701552646.451621,21496,3.8069354104663944e-06
